Name,Email,Phone,Created,Status
Shane Thomas,shane@gmail.com,1234567890,9/12/2016 18:34,1
John Mathew,john@gmail.com,9876543211,9/18/2016 20:45,0
Nick Jason,nick@gmail.com,8899776655,9/26/2016 12:30,1
Noman,noman@pkteam.com,123456,9/27/2016 12:30,1
Abbas,abbas@pkteam.com,123456,9/28/2016 12:30,1
Adnan,adnan@pkteam.com,123456,9/29/2016 12:30,1
kashif,kashif@pkteam.com,123456,9/30/2016 12:30,1
Asad,asad@pkteam,123456,10/1/2016 12:30,1
Junaid,junaid@pkteam.,123456,10/2/2016 12:30,1
sajjad,sajaad@pkteam.com,123456,10/3/2016 12:30,1
Mutahir,mutahir@pkteam.com,123456,10/4/2016 12:30,1
sarjeel,sarjeel@pkteam.com,123456,10/5/2016 12:30,1
Rizwan,rizwan@pkteam.com,123456,10/6/2016 12:30,1
Saqib,saqib@pkteam.com,123456,10/7/2016 12:30,1
shoaib,shoaib@pkteam.com,123456,10/8/2016 12:30,1
Asif,asif@pkteam.com,123456,10/9/2016 12:30,1
fahad,fahad@pkteam.com,123456,10/10/2016 12:30,1
Altab,Altaf@pkteam.com,7654,10/11/2016 12:30,1
